{"cameraMode":{"drawMode":0,"name":"Shaded","section":"Shading Mode"},"sceneLighting":true,"audioPlay":false,"sceneViewState":{"showFog":true,"showMaterialUpdate":false,"showSkybox":true,"showFlares":true,"showImageEffects":true,"showParticleSystems":true},"in2DMode":false,"pivot":{"x":0.504346489906311,"y":-2.1479620933532717,"z":-1.4099388122558594},"rotation":{"x":-0.21354937553405763,"y":0.14938028156757356,"z":-0.03306487947702408,"w":-0.9648911356925964},"size":18.65677833557129,"orthographic":false}